"niv1";"name1";"niv2";"name2";"niv3";"name3";"niv4";"name4";"FCL";"CPC";"SUA item name "
2901;"TOTAL";2903;"VEGETALE PRODUCTS  ";2905;"CEREALS (excluding beer)";2511;"WHEAT & products";15;"0111";"wheat"
2901;"TOTAL";2903;"VEGETALE PRODUCTS  ";2905;"CEREALS (excluding beer)";2511;"WHEAT & products";16;23110;"wheat and meslin flour "
2901;"TOTAL";2903;"VEGETALE PRODUCTS  ";2905;"CEREALS (excluding beer)";2511;"WHEAT & products";17;"39120.01";"bran of wheat [only calories]"
2901;"TOTAL";2903;"VEGETALE PRODUCTS  ";2905;"CEREALS (excluding beer)";2511;"WHEAT & products";18;"23710";"uncooked pasta, not stuffed or otherwise prepared"
2901;"TOTAL";2903;"VEGETALE PRODUCTS  ";2905;"CEREALS (excluding beer)";2511;"WHEAT & products";19;"23140.01";"germ of wheat [only calories)"
2901;"TOTAL";2903;"VEGETALE PRODUCTS  ";2905;"CEREALS (excluding beer)";2511;"WHEAT & products";20;"F0020";"bread"
2901;"TOTAL";2903;"VEGETALE PRODUCTS  ";2905;"CEREALS (excluding beer)";2511;"WHEAT & products";21;"23140.02";"bulgur"
2901;"TOTAL";2903;"VEGETALE PRODUCTS  ";2905;"CEREALS (excluding beer)";2511;"WHEAT & products";22;"F0022";"pastry"
2901;"TOTAL";2903;"VEGETALE PRODUCTS  ";2905;"CEREALS (excluding beer)";2511;"WHEAT & products";23;"23220.01";"starch of wheat "
2901;"TOTAL";2903;"VEGETALE PRODUCTS  ";2905;"CEREALS (excluding beer)";2511;"WHEAT & products";24;"23220.02";"wheat gluten [only calories]"
2901;"TOTAL";2903;"VEGETALE PRODUCTS  ";2905;"CEREALS (excluding beer)";2511;"WHEAT & products";41;"23140.03";"breakfast cereals"
2901;"TOTAL";2903;"VEGETALE PRODUCTS  ";2905;"CEREALS (excluding beer)";2511;"WHEAT & products";110;"23490.01";"communion wafers, empty cachets of a kind suitable for pharmaceutical use, sealing wafers, rice paper and similar products."
2901;"TOTAL";2903;"VEGETALE PRODUCTS  ";2905;"CEREALS (excluding beer)";2511;"WHEAT & products";114;"23180";"mixes and doughs for the preparation of bakers' wares (calories only)"
2901;"TOTAL";2903;"VEGETALE PRODUCTS  ";2905;"CEREALS (excluding beer)";2511;"WHEAT & products";115;"23999.02";"food preparations of flour, meal or malt extract (calories only)"
2901;"TOTAL";2903;"VEGETALE PRODUCTS  ";2905;"CEREALS (excluding beer)";2513;"BARLEY  & products";44;"0115";"barley"
2901;"TOTAL";2903;"VEGETALE PRODUCTS  ";2905;"CEREALS (excluding beer)";2513;"BARLEY  & products";45;"23140.04";"pot barley "
2901;"TOTAL";2903;"VEGETALE PRODUCTS  ";2905;"CEREALS (excluding beer)";2513;"BARLEY  & products";46;"23140.05";"barley, pearled"
2901;"TOTAL";2903;"VEGETALE PRODUCTS  ";2905;"CEREALS (excluding beer)";2513;"BARLEY  & products";47;"39120.03";"bran of barley [only calories]"
2901;"TOTAL";2903;"VEGETALE PRODUCTS  ";2905;"CEREALS (excluding beer)";2513;"BARLEY  & products";48;"23120.02";"barley flour and grits [only calories]"
2901;"TOTAL";2903;"VEGETALE PRODUCTS  ";2905;"CEREALS (excluding beer)";2513;"BARLEY  & products";49;"24320";"malt, whether or not roasted"
2901;"TOTAL";2903;"VEGETALE PRODUCTS  ";2905;"CEREALS (excluding beer)";2513;"BARLEY  & products";50;"23999.01";"malt extract"
2901;"TOTAL";2903;"VEGETALE PRODUCTS  ";2905;"CEREALS (excluding beer)";2514;"MAIZE  & products";56;"0112";"maize (corn)"
2901;"TOTAL";2903;"VEGETALE PRODUCTS  ";2905;"CEREALS (excluding beer)";2514;"MAIZE  & products";57;"23140.06";"germ of maize [only calories]"
2901;"TOTAL";2903;"VEGETALE PRODUCTS  ";2905;"CEREALS (excluding beer)";2514;"MAIZE  & products";58;"23120.03";"flour of maize"
2901;"TOTAL";2903;"VEGETALE PRODUCTS  ";2905;"CEREALS (excluding beer)";2514;"MAIZE  & products";59;"39120.04";"bran of maize [only calories]"
2901;"TOTAL";2903;"VEGETALE PRODUCTS  ";2905;"CEREALS (excluding beer)";2514;"MAIZE  & products";63;"39130.02";"maize gluten [only calories]"
2901;"TOTAL";2903;"VEGETALE PRODUCTS  ";2905;"CEREALS (excluding beer)";2514;"MAIZE  & products";64;"23220.04";"starch of maize"
2901;"TOTAL";2903;"VEGETALE PRODUCTS  ";2905;"CEREALS (excluding beer)";2515;"RYE  & products";71;"0116";"rye"
2901;"TOTAL";2903;"VEGETALE PRODUCTS  ";2905;"CEREALS (excluding beer)";2515;"RYE  & products";72;"23120.04";"flour of rye"
2901;"TOTAL";2903;"VEGETALE PRODUCTS  ";2905;"CEREALS (excluding beer)";2515;"RYE  & products";73;"39120.05";"bran of rye [only calories]"
2901;"TOTAL";2903;"VEGETALE PRODUCTS  ";2905;"CEREALS (excluding beer)";2516;"OATS  & products";75;"0117";"oats"
2901;"TOTAL";2903;"VEGETALE PRODUCTS  ";2905;"CEREALS (excluding beer)";2516;"OATS  & products";76;"23140.07";"oats, rolled"
2901;"TOTAL";2903;"VEGETALE PRODUCTS  ";2905;"CEREALS (excluding beer)";2516;"OATS  & products";77;"39120.06";"bran of oats [only calories]"
2901;"TOTAL";2903;"VEGETALE PRODUCTS  ";2905;"CEREALS (excluding beer)";2517;"MILLET  & products";79;"0118";"millet"
2901;"TOTAL";2903;"VEGETALE PRODUCTS  ";2905;"CEREALS (excluding beer)";2517;"MILLET  & products";80;"23120.05";"flour of millet"
2901;"TOTAL";2903;"VEGETALE PRODUCTS  ";2905;"CEREALS (excluding beer)";2517;"MILLET  & products";81;"39120.07";"bran of millet [only calories]"
2901;"TOTAL";2903;"VEGETALE PRODUCTS  ";2905;"CEREALS (excluding beer)";2518;"SORGHUM & products";83;"0114";"sorghum"
2901;"TOTAL";2903;"VEGETALE PRODUCTS  ";2905;"CEREALS (excluding beer)";2518;"SORGHUM & products";84;"23120.06";"flour of sorghum"
2901;"TOTAL";2903;"VEGETALE PRODUCTS  ";2905;"CEREALS (excluding beer)";2518;"SORGHUM & products";85;"39120.08";"bran of sorghum [only calories]"
2901;"TOTAL";2903;"VEGETALE PRODUCTS  ";2905;"CEREALS (excluding beer)";2520;"CEREALS, OTHER  & products";89;"01192";"buckwheat"
2901;"TOTAL";2903;"VEGETALE PRODUCTS  ";2905;"CEREALS (excluding beer)";2520;"CEREALS, OTHER  & products";90;"23120.07";"flour of buckwheat"
2901;"TOTAL";2903;"VEGETALE PRODUCTS  ";2905;"CEREALS (excluding beer)";2520;"CEREALS, OTHER  & products";91;"39120.09";"bran of buckwheat [only calories]"
2901;"TOTAL";2903;"VEGETALE PRODUCTS  ";2905;"CEREALS (excluding beer)";2520;"CEREALS, OTHER  & products";92;"01194";"quinoa"
2901;"TOTAL";2903;"VEGETALE PRODUCTS  ";2905;"CEREALS (excluding beer)";2520;"CEREALS, OTHER  & products";94;"01193";"fonio"
2901;"TOTAL";2903;"VEGETALE PRODUCTS  ";2905;"CEREALS (excluding beer)";2520;"CEREALS, OTHER  & products";95;"23120.08";"flour of fonio"
2901;"TOTAL";2903;"VEGETALE PRODUCTS  ";2905;"CEREALS (excluding beer)";2520;"CEREALS, OTHER  & products";96;"39120.10";"bran of fonio [only calories]"
2901;"TOTAL";2903;"VEGETALE PRODUCTS  ";2905;"CEREALS (excluding beer)";2520;"CEREALS, OTHER  & products";97;"01191";"triticale"
2901;"TOTAL";2903;"VEGETALE PRODUCTS  ";2905;"CEREALS (excluding beer)";2520;"CEREALS, OTHER  & products";98;"23120.09";"flour of triticale"
2901;"TOTAL";2903;"VEGETALE PRODUCTS  ";2905;"CEREALS (excluding beer)";2520;"CEREALS, OTHER  & products";99;"39120.11";"bran of triticale [only calories]"
2901;"TOTAL";2903;"VEGETALE PRODUCTS  ";2905;"CEREALS (excluding beer)";2520;"CEREALS, OTHER  & products";101;"01195";"canary seed"
2901;"TOTAL";2903;"VEGETALE PRODUCTS  ";2905;"CEREALS (excluding beer)";2520;"CEREALS, OTHER  & products";103;"01199.02";"mixed grain"
2901;"TOTAL";2903;"VEGETALE PRODUCTS  ";2905;"CEREALS (excluding beer)";2520;"CEREALS, OTHER  & products";104;"23120.10";"flour of mixed grain"
2901;"TOTAL";2903;"VEGETALE PRODUCTS  ";2905;"CEREALS (excluding beer)";2520;"CEREALS, OTHER  & products";105;"39120.12";"bran of mixed grain [only calories]"
2901;"TOTAL";2903;"VEGETALE PRODUCTS  ";2905;"CEREALS (excluding beer)";2520;"CEREALS, OTHER  & products";108;"01199.90";"other cereals n.e.c."
2901;"TOTAL";2903;"VEGETALE PRODUCTS  ";2905;"CEREALS (excluding beer)";2520;"CEREALS, OTHER  & products";111;"23120.90";"flour of cereals nes"
2901;"TOTAL";2903;"VEGETALE PRODUCTS  ";2905;"CEREALS (excluding beer)";2520;"CEREALS, OTHER  & products";112;"39120.13";"bran of cereals nes [only calories]"
2901;"TOTAL";2903;"VEGETALE PRODUCTS  ";2905;"CEREALS (excluding beer)";2520;"CEREALS, OTHER  & products";113;"23140.08";"cereal preparations"
2901;"TOTAL";2903;"VEGETALE PRODUCTS  ";2905;"CEREALS (excluding beer)";2805;"RICE & products";27;"0113";"rice"
2901;"TOTAL";2903;"VEGETALE PRODUCTS  ";2905;"CEREALS (excluding beer)";2805;"RICE & products";28;"23162";"husked rice"
2901;"TOTAL";2903;"VEGETALE PRODUCTS  ";2905;"CEREALS (excluding beer)";2805;"RICE & products";29;"23161.01";"rice, milled (husked) "
2901;"TOTAL";2903;"VEGETALE PRODUCTS  ";2905;"CEREALS (excluding beer)";2805;"RICE & products";31;"23161.02";"rice, milled "
2901;"TOTAL";2903;"VEGETALE PRODUCTS  ";2905;"CEREALS (excluding beer)";2805;"RICE & products";32;"23161.03";"rice, broken"
2901;"TOTAL";2903;"VEGETALE PRODUCTS  ";2905;"CEREALS (excluding beer)";2805;"RICE & products";33;"39130.01";"rice, gluten [only calories]"
2901;"TOTAL";2903;"VEGETALE PRODUCTS  ";2905;"CEREALS (excluding beer)";2805;"RICE & products";34;"23220.03";"starch of rice "
2901;"TOTAL";2903;"VEGETALE PRODUCTS  ";2905;"CEREALS (excluding beer)";2805;"RICE & products";35;"39120.02";"bran of rice [only calories]"
2901;"TOTAL";2903;"VEGETALE PRODUCTS  ";2905;"CEREALS (excluding beer)";2805;"RICE & products";38;"23120.01";"flour of rice"
2901;"TOTAL";2903;"VEGETALE PRODUCTS  ";2907;"STARCHY ROOTS";2531;"POTATOES  & products";116;"01510";"potatoes"
2901;"TOTAL";2903;"VEGETALE PRODUCTS  ";2907;"STARCHY ROOTS";2531;"POTATOES  & products";117;"21392";"flour, meal, powder, flakes, granules and pellets of potatoes"
2901;"TOTAL";2903;"VEGETALE PRODUCTS  ";2907;"STARCHY ROOTS";2531;"POTATOES  & products";118;"21313";"potatoes, frozen"
2901;"TOTAL";2903;"VEGETALE PRODUCTS  ";2907;"STARCHY ROOTS";2531;"POTATOES  & products";119;"23220.05";"starch of potatoes"
2901;"TOTAL";2903;"VEGETALE PRODUCTS  ";2907;"STARCHY ROOTS";2531;"POTATOES  & products";121;"23230.01";"tapioca of potatoes"
2901;"TOTAL";2903;"VEGETALE PRODUCTS  ";2907;"STARCHY ROOTS";2532;"CASSAVA & products";125;"01520.01";"cassava, fresh"
2901;"TOTAL";2903;"VEGETALE PRODUCTS  ";2907;"STARCHY ROOTS";2532;"CASSAVA & products";126;"23170.01";"flour of cassava"
2901;"TOTAL";2903;"VEGETALE PRODUCTS  ";2907;"STARCHY ROOTS";2532;"CASSAVA & products";127;"23230.02";"tapioca of cassava"
2901;"TOTAL";2903;"VEGETALE PRODUCTS  ";2907;"STARCHY ROOTS";2532;"CASSAVA & products";128;"01520.02";"cassava, dried"
2901;"TOTAL";2903;"VEGETALE PRODUCTS  ";2907;"STARCHY ROOTS";2532;"CASSAVA & products";129;"23220.06";"starch of cassava"
2901;"TOTAL";2903;"VEGETALE PRODUCTS  ";2907;"STARCHY ROOTS";2533;"SWEET POTATOES  ";122;"01530";"sweet potatoes"
2901;"TOTAL";2903;"VEGETALE PRODUCTS  ";2907;"STARCHY ROOTS";2534;"ROOTS, OTHER  & products";135;"01591";"yautia "
2901;"TOTAL";2903;"VEGETALE PRODUCTS  ";2907;"STARCHY ROOTS";2534;"ROOTS, OTHER  & products";136;"01550";"taro "
2901;"TOTAL";2903;"VEGETALE PRODUCTS  ";2907;"STARCHY ROOTS";2534;"ROOTS, OTHER  & products";149;"01599.10";"edible roots and tubers with high starch or inulin content, n.e.c., fresh"
2901;"TOTAL";2903;"VEGETALE PRODUCTS  ";2907;"STARCHY ROOTS";2534;"ROOTS, OTHER  & products";150;"23170.02";"flour of roots and tubers nes"
2901;"TOTAL";2903;"VEGETALE PRODUCTS  ";2907;"STARCHY ROOTS";2534;"ROOTS, OTHER  & products";151;"01599.20";"edible roots and tubers with high starch or inulin content, n.e.c., dry"
2901;"TOTAL";2903;"VEGETALE PRODUCTS  ";2907;"STARCHY ROOTS";2535;"YAMS ";137;"01540";"yams"
2901;"TOTAL";2903;"VEGETALE PRODUCTS  ";2908;"SUGAR CROPS";2536;"SUGAR CANE ";156;"01802";"sugar cane"
2901;"TOTAL";2903;"VEGETALE PRODUCTS  ";2908;"SUGAR CROPS";2537;"SUGAR BEET ";157;"01801";"sugar beet"
2901;"TOTAL";2903;"VEGETALE PRODUCTS  ";2909;"SWEETENERS";2541;"SUGAR NON-CENTRIFUGAL ";163;"23511.02";"cane sugar, non-centrifugal"
2901;"TOTAL";2903;"VEGETALE PRODUCTS  ";2909;"SWEETENERS";2542;"SUGAR (RAW EQUIVALENT) & products";158;"23511.01";"cane sugar, centrifugal"
2901;"TOTAL";2903;"VEGETALE PRODUCTS  ";2909;"SWEETENERS";2542;"SUGAR (RAW EQUIVALENT) & products";159;"23512";"beet sugar"
2901;"TOTAL";2903;"VEGETALE PRODUCTS  ";2909;"SWEETENERS";2542;"SUGAR (RAW EQUIVALENT) & products";162;"2351f";"raw cane or beet sugar (centrifugal only)"
2901;"TOTAL";2903;"VEGETALE PRODUCTS  ";2909;"SWEETENERS";2542;"SUGAR (RAW EQUIVALENT) & products";164;"23520";"refined sugar"
2901;"TOTAL";2903;"VEGETALE PRODUCTS  ";2909;"SWEETENERS";2542;"SUGAR (RAW EQUIVALENT) & products";168;"23670.01";"sugar confectionery"
2901;"TOTAL";2903;"VEGETALE PRODUCTS  ";2909;"SWEETENERS";2543;"SWEETENERS, NES & products";154;"23210.01";"fructose, chemically pure"
2901;"TOTAL";2903;"VEGETALE PRODUCTS  ";2909;"SWEETENERS";2543;"SWEETENERS, NES & products";155;"23210.02";"maltose, chemically pure"
2901;"TOTAL";2903;"VEGETALE PRODUCTS  ";2909;"SWEETENERS";2543;"SWEETENERS, NES & products";160;"23530";"refined cane or beet sugar, in solid form, containing added flavouring or colouring matter; maple sugar and maple syrup"
2901;"TOTAL";2903;"VEGETALE PRODUCTS  ";2909;"SWEETENERS";2543;"SWEETENERS, NES & products";161;"01809";"other sugar crops n.e.c."
2901;"TOTAL";2903;"VEGETALE PRODUCTS  ";2909;"SWEETENERS";2543;"SWEETENERS, NES & products";165;"23540";"molasses (from beet, cane and maize) [only calories]"
2901;"TOTAL";2903;"VEGETALE PRODUCTS  ";2909;"SWEETENERS";2543;"SWEETENERS, NES & products";166;"23210.03";"other fructose and syrup"
2901;"TOTAL";2903;"VEGETALE PRODUCTS  ";2909;"SWEETENERS";2543;"SWEETENERS, NES & products";167;"23210.04";"sugar and syrups nes"
2901;"TOTAL";2903;"VEGETALE PRODUCTS  ";2909;"SWEETENERS";2543;"SWEETENERS, NES & products";172;"23210.05";"glucose and dextrose"
2901;"TOTAL";2903;"VEGETALE PRODUCTS  ";2909;"SWEETENERS";2543;"SWEETENERS, NES & products";173;"23210.06";"lactose"
2901;"TOTAL";2903;"VEGETALE PRODUCTS  ";2909;"SWEETENERS";2543;"SWEETENERS, NES & products";175;"23210.08";"isoglucose"
2901;"TOTAL";2903;"VEGETALE PRODUCTS  ";2909;"SWEETENERS";2543;"SWEETENERS, NES & products";633;24490;"other non-alcoholic caloric beverages n.e.c"
2901;"TOTAL";2903;"VEGETALE PRODUCTS  ";2909;"SWEETENERS";2543;"SWEETENERS, NES & products";;"23210.07 ";"gluocose and gloucose syrup"
2901;"TOTAL";2903;"VEGETALE PRODUCTS  ";2909;"SWEETENERS";2745;"HONEY ";1182;"02910";"natural honey"
2901;"TOTAL";2903;"VEGETALE PRODUCTS  ";2911;"PULSES";2546;"BEANS DRY";176;"01701";"beans, dry"
2901;"TOTAL";2903;"VEGETALE PRODUCTS  ";2911;"PULSES";2547;"PEAS DRY";187;"01705";"peas, dry"
2901;"TOTAL";2903;"VEGETALE PRODUCTS  ";2911;"PULSES";2549;"PULSES, OTHER & products";181;"01702";"broad beans and horse beans, dry"
2901;"TOTAL";2903;"VEGETALE PRODUCTS  ";2911;"PULSES";2549;"PULSES, OTHER & products";191;"01703";"chick peas, dry"
2901;"TOTAL";2903;"VEGETALE PRODUCTS  ";2911;"PULSES";2549;"PULSES, OTHER & products";195;"01706";"cow peas, dry"
2901;"TOTAL";2903;"VEGETALE PRODUCTS  ";2911;"PULSES";2549;"PULSES, OTHER & products";197;"01707";"pigeon peas, dry"
2901;"TOTAL";2903;"VEGETALE PRODUCTS  ";2911;"PULSES";2549;"PULSES, OTHER & products";201;"01704";"lentils, dry"
2901;"TOTAL";2903;"VEGETALE PRODUCTS  ";2911;"PULSES";2549;"PULSES, OTHER & products";203;"01708";"bambara beans, dry"
2901;"TOTAL";2903;"VEGETALE PRODUCTS  ";2911;"PULSES";2549;"PULSES, OTHER & products";205;"01709.01";"vetches"
2901;"TOTAL";2903;"VEGETALE PRODUCTS  ";2911;"PULSES";2549;"PULSES, OTHER & products";210;"01709.02";"lupins "
2901;"TOTAL";2903;"VEGETALE PRODUCTS  ";2911;"PULSES";2549;"PULSES, OTHER & products";211;"01709.90";"other pulses n.e.c."
2901;"TOTAL";2903;"VEGETALE PRODUCTS  ";2911;"PULSES";2549;"PULSES, OTHER & products";212;"23170.03";"flour of pulses"
2901;"TOTAL";2903;"VEGETALE PRODUCTS  ";2911;"PULSES";2549;"PULSES, OTHER & products";213;"39120.14";"bran of pulses [only calories]"
2901;"TOTAL";2903;"VEGETALE PRODUCTS  ";2912;"TREENUTS ";2551;"NUTS & products";216;"01377";"brazil nuts, in shell"
2901;"TOTAL";2903;"VEGETALE PRODUCTS  ";2912;"TREENUTS ";2551;"NUTS & products";217;"01372";"cashew nuts, in shell"
2901;"TOTAL";2903;"VEGETALE PRODUCTS  ";2912;"TREENUTS ";2551;"NUTS & products";220;"01373";"chestnuts, in shell"
2901;"TOTAL";2903;"VEGETALE PRODUCTS  ";2912;"TREENUTS ";2551;"NUTS & products";221;"01371";"almonds, in shell"
2901;"TOTAL";2903;"VEGETALE PRODUCTS  ";2912;"TREENUTS ";2551;"NUTS & products";222;"01376";"walnuts, in shell"
2901;"TOTAL";2903;"VEGETALE PRODUCTS  ";2912;"TREENUTS ";2551;"NUTS & products";223;"01375";"pistachios, in shell"
2901;"TOTAL";2903;"VEGETALE PRODUCTS  ";2912;"TREENUTS ";2551;"NUTS & products";224;"01379.02";"kola nuts"
2901;"TOTAL";2903;"VEGETALE PRODUCTS  ";2912;"TREENUTS ";2551;"NUTS & products";225;"01374";"hazelnuts, in shell"
2901;"TOTAL";2903;"VEGETALE PRODUCTS  ";2912;"TREENUTS ";2551;"NUTS & products";226;"01379.01";"areca nuts "
2901;"TOTAL";2903;"VEGETALE PRODUCTS  ";2912;"TREENUTS ";2551;"NUTS & products";229;"21429.01";"brazil nuts, shelled"
2901;"TOTAL";2903;"VEGETALE PRODUCTS  ";2912;"TREENUTS ";2551;"NUTS & products";230;"21424";"cashew nuts, shelled"
2901;"TOTAL";2903;"VEGETALE PRODUCTS  ";2912;"TREENUTS ";2551;"NUTS & products";231;"21422";"almonds, shelled"
2901;"TOTAL";2903;"VEGETALE PRODUCTS  ";2912;"TREENUTS ";2551;"NUTS & products";232;"21429.02";"walnuts, shelled"
2901;"TOTAL";2903;"VEGETALE PRODUCTS  ";2912;"TREENUTS ";2551;"NUTS & products";233;"21423";"hazelnuts, shelled"
2901;"TOTAL";2903;"VEGETALE PRODUCTS  ";2912;"TREENUTS ";2551;"NUTS & products";234;"01379.90";"other nuts (excluding wild edible nuts and groundnuts), in shell, n.e.c."
2901;"TOTAL";2903;"VEGETALE PRODUCTS  ";2912;"TREENUTS ";2551;"NUTS & products";235;"F0235";"prepared nuts"
2901;"TOTAL";2903;"VEGETALE PRODUCTS  ";2913;"OILCROPS";2555;"SOYBEANS & products";236;"0141";"soya beans"
2901;"TOTAL";2903;"VEGETALE PRODUCTS  ";2913;"OILCROPS";2555;"SOYBEANS & products";239;"23995.01";"soya sauce"
2901;"TOTAL";2903;"VEGETALE PRODUCTS  ";2913;"OILCROPS";2555;"SOYBEANS & products";240;"23995.02";"soya paste"
2901;"TOTAL";2903;"VEGETALE PRODUCTS  ";2913;"OILCROPS";2555;"SOYBEANS & products";241;"23999.03";"soya curd"
2901;"TOTAL";2903;"VEGETALE PRODUCTS  ";2913;"OILCROPS";2556;"GROUNDNUTS & products";242;"0142";"groundnuts, excluding shelled"
2901;"TOTAL";2903;"VEGETALE PRODUCTS  ";2913;"OILCROPS";2556;"GROUNDNUTS & products";243;"21421";"groundnuts, shelled"
2901;"TOTAL";2903;"VEGETALE PRODUCTS  ";2913;"OILCROPS";2556;"GROUNDNUTS & products";246;"21495.01";"prepared groundnuts"
2901;"TOTAL";2903;"VEGETALE PRODUCTS  ";2913;"OILCROPS";2556;"GROUNDNUTS & products";247;"21495.02";"peanut butter"
2901;"TOTAL";2903;"VEGETALE PRODUCTS  ";2913;"OILCROPS";2557;"SUNFLOWERSEED ";267;"01445";"sunflower seed"
2901;"TOTAL";2903;"VEGETALE PRODUCTS  ";2913;"OILCROPS";2558;"RAPE AND MUSTARDSEED & products";270;"01443";"rapeseed or colza seed"
2901;"TOTAL";2903;"VEGETALE PRODUCTS  ";2913;"OILCROPS";2558;"RAPE AND MUSTARDSEED & products";292;"01442";"mustard seed"
2901;"TOTAL";2903;"VEGETALE PRODUCTS  ";2913;"OILCROPS";2558;"RAPE AND MUSTARDSEED & products";295;"23995.03";"flour of mustard seed"
2901;"TOTAL";2903;"VEGETALE PRODUCTS  ";2913;"OILCROPS";2559;"COTTONSEED ";329;"0143";"cottonseed"
2901;"TOTAL";2903;"VEGETALE PRODUCTS  ";2913;"OILCROPS";2560;"COCONUTS (INCL. COPRA) & products ";249;"01460";"coconuts, in shell"
2901;"TOTAL";2903;"VEGETALE PRODUCTS  ";2913;"OILCROPS";2560;"COCONUTS (INCL. COPRA) & products ";250;"21429.07";"coconuts, desiccated"
2901;"TOTAL";2903;"VEGETALE PRODUCTS  ";2913;"OILCROPS";2560;"COCONUTS (INCL. COPRA) & products ";251;"01492";"copra"
2901;"TOTAL";2903;"VEGETALE PRODUCTS  ";2913;"OILCROPS";2561;"SESAMESEED ";289;"01444";"sesame seed"
2901;"TOTAL";2903;"VEGETALE PRODUCTS  ";2913;"OILCROPS";2562;"PALM KERNELS & products";254;"01491.01";"oil palm fruit"
2901;"TOTAL";2903;"VEGETALE PRODUCTS  ";2913;"OILCROPS";2562;"PALM KERNELS & products";256;"01491.02";"palm kernels [only calories]"
2901;"TOTAL";2903;"VEGETALE PRODUCTS  ";2913;"OILCROPS";2563;"OLIVES  & products";260;"01450";"olives"
2901;"TOTAL";2903;"VEGETALE PRODUCTS  ";2913;"OILCROPS";2563;"OLIVES  & products";262;"F0262";"olives preserved"
2901;"TOTAL";2903;"VEGETALE PRODUCTS  ";2913;"OILCROPS";2570;"OILCROPS, OTHER  & products";263;"01499.01";"karite nuts (sheanuts)"
2901;"TOTAL";2903;"VEGETALE PRODUCTS  ";2913;"OILCROPS";2570;"OILCROPS, OTHER  & products";265;"01447";"castor oil seeds"
2901;"TOTAL";2903;"VEGETALE PRODUCTS  ";2913;"OILCROPS";2570;"OILCROPS, OTHER  & products";275;"01499.02";"tung nuts"
2901;"TOTAL";2903;"VEGETALE PRODUCTS  ";2913;"OILCROPS";2570;"OILCROPS, OTHER  & products";277;"01499.03";"jojoba seeds"
2901;"TOTAL";2903;"VEGETALE PRODUCTS  ";2913;"OILCROPS";2570;"OILCROPS, OTHER  & products";280;"01446";"safflower seed"
2901;"TOTAL";2903;"VEGETALE PRODUCTS  ";2913;"OILCROPS";2570;"OILCROPS, OTHER  & products";296;"01448";"poppy seed"
2901;"TOTAL";2903;"VEGETALE PRODUCTS  ";2913;"OILCROPS";2570;"OILCROPS, OTHER  & products";299;"01449.01";"melonseed"
2901;"TOTAL";2903;"VEGETALE PRODUCTS  ";2913;"OILCROPS";2570;"OILCROPS, OTHER  & products";305;"01499.04";"tallowtree seeds"
2901;"TOTAL";2903;"VEGETALE PRODUCTS  ";2913;"OILCROPS";2570;"OILCROPS, OTHER  & products";310;"01499.05";"kapok fruit"
2901;"TOTAL";2903;"VEGETALE PRODUCTS  ";2913;"OILCROPS";2570;"OILCROPS, OTHER  & products";311;"01499.06";"kapokseed in shell"
2901;"TOTAL";2903;"VEGETALE PRODUCTS  ";2913;"OILCROPS";2570;"OILCROPS, OTHER  & products";312;"01499.07";"kapokseed, shelled"
2901;"TOTAL";2903;"VEGETALE PRODUCTS  ";2913;"OILCROPS";2570;"OILCROPS, OTHER  & products";333;"01441";"linseed"
2901;"TOTAL";2903;"VEGETALE PRODUCTS  ";2913;"OILCROPS";2570;"OILCROPS, OTHER  & products";336;"01449.02";"hempseed"
2901;"TOTAL";2903;"VEGETALE PRODUCTS  ";2913;"OILCROPS";2570;"OILCROPS, OTHER  & products";339;"01449.90";"other oil seeds, n.e.c."
2901;"TOTAL";2903;"VEGETALE PRODUCTS  ";2913;"OILCROPS";2570;"OILCROPS, OTHER  & products";343;"21920";"flours and meals of oil seeds or oleaginous fruits, except those of mustard"
2901;"TOTAL";2903;"VEGETALE PRODUCTS  ";2914;"VEGETABLE OILS";2571;"SOYBEAN OIL ";237;"2161";"soya bean oil"
2901;"TOTAL";2903;"VEGETALE PRODUCTS  ";2914;"VEGETABLE OILS";2572;"GROUNDNUT OIL ";244;"2162";"groundnut oil"
2901;"TOTAL";2903;"VEGETALE PRODUCTS  ";2914;"VEGETABLE OILS";2573;"SUNFLOWERSEED OIL ";268;"21631.01";"sunflower-seed oil, crude"
2901;"TOTAL";2903;"VEGETALE PRODUCTS  ";2914;"VEGETABLE OILS";2574;"RAPE AND MUSTARD OIL & products ";271;"21641.01";"rapeseed or canola oil , crude"
2901;"TOTAL";2903;"VEGETALE PRODUCTS  ";2914;"VEGETABLE OILS";2574;"RAPE AND MUSTARD OIL & products ";293;"21641.02";"mustardseed oil, crude"
2901;"TOTAL";2903;"VEGETALE PRODUCTS  ";2914;"VEGETABLE OILS";2575;"COTTONSEED OIL ";331;"2168";"cottonseed oil"
2901;"TOTAL";2903;"VEGETALE PRODUCTS  ";2914;"VEGETABLE OILS";2576;"PALM KERNEL OIL ";258;"21691.14";"oil of palm kernel"
2901;"TOTAL";2903;"VEGETALE PRODUCTS  ";2914;"VEGETABLE OILS";2577;"PALM OIL & products ";257;"2165";"palm oil"
2901;"TOTAL";2903;"VEGETALE PRODUCTS  ";2914;"VEGETABLE OILS";2577;"PALM OIL & products ";1276;"34120";"industrial monocarboxylic fatty acids; acid oils from refining"
2901;"TOTAL";2903;"VEGETALE PRODUCTS  ";2914;"VEGETABLE OILS";2577;"PALM OIL & products ";1277;"21932.02";"residues of fatty substances"
2901;"TOTAL";2903;"VEGETALE PRODUCTS  ";2914;"VEGETABLE OILS";2578;"COPRA OIL ";252;"2166";"coconut oil"
2901;"TOTAL";2903;"VEGETALE PRODUCTS  ";2914;"VEGETABLE OILS";2579;"SESAMESEED OIL ";290;"21691.07";"oil of sesame seed"
2901;"TOTAL";2903;"VEGETALE PRODUCTS  ";2914;"VEGETABLE OILS";2580;"OLIVE OIL & products ";261;"2167";"olive oil"
2901;"TOTAL";2903;"VEGETALE PRODUCTS  ";2914;"VEGETABLE OILS";2580;"OLIVE OIL & products ";274;"21673";"oil of olive residues"
2901;"TOTAL";2903;"VEGETALE PRODUCTS  ";2914;"VEGETABLE OILS";2581;"RICE BRAN OIL ";36;"21691.01";"oil of rice bran"
2901;"TOTAL";2903;"VEGETALE PRODUCTS  ";2914;"VEGETABLE OILS";2582;"MAIZE GERM OIL ";60;"21691.02";"oil of maize"
2901;"TOTAL";2903;"VEGETALE PRODUCTS  ";2914;"VEGETABLE OILS";2586;"OILCROPS OIL, OTHER & products";264;"21691.03";"butter of karite nuts"
2901;"TOTAL";2903;"VEGETALE PRODUCTS  ";2914;"VEGETABLE OILS";2586;"OILCROPS OIL, OTHER & products";266;"21691.04";"oil of castor beans"
2901;"TOTAL";2903;"VEGETALE PRODUCTS  ";2914;"VEGETABLE OILS";2586;"OILCROPS OIL, OTHER & products";276;21691,05;"oil of tung nuts"
2901;"TOTAL";2903;"VEGETALE PRODUCTS  ";2914;"VEGETABLE OILS";2586;"OILCROPS OIL, OTHER & products";278;21691,06;"jojoba oil"
2901;"TOTAL";2903;"VEGETALE PRODUCTS  ";2914;"VEGETABLE OILS";2586;"OILCROPS OIL, OTHER & products";281;21631,02;"safflower-seed oil, crude"
2901;"TOTAL";2903;"VEGETALE PRODUCTS  ";2914;"VEGETABLE OILS";2586;"OILCROPS OIL, OTHER & products";297;21691,08;"oil of poppy seed"
2901;"TOTAL";2903;"VEGETALE PRODUCTS  ";2914;"VEGETABLE OILS";2586;"OILCROPS OIL, OTHER & products";306;21691,09;"vegetable tallow [only calories]"
2901;"TOTAL";2903;"VEGETALE PRODUCTS  ";2914;"VEGETABLE OILS";2586;"OILCROPS OIL, OTHER & products";307;21691,1;"stillingia oil"
2901;"TOTAL";2903;"VEGETALE PRODUCTS  ";2914;"VEGETABLE OILS";2586;"OILCROPS OIL, OTHER & products";313;21691,11;"oil of kapok"
2901;"TOTAL";2903;"VEGETALE PRODUCTS  ";2914;"VEGETABLE OILS";2586;"OILCROPS OIL, OTHER & products";334;21691,12;"oil of linseed"
2901;"TOTAL";2903;"VEGETALE PRODUCTS  ";2914;"VEGETABLE OILS";2586;"OILCROPS OIL, OTHER & products";337;21691,13;"oil of hempseed"
2901;"TOTAL";2903;"VEGETALE PRODUCTS  ";2914;"VEGETABLE OILS";2586;"OILCROPS OIL, OTHER & products";340;21691,9;"other oil of vegetable origin, crude n.e.c."
2901;"TOTAL";2903;"VEGETALE PRODUCTS  ";2914;"VEGETABLE OILS";2586;"OILCROPS OIL, OTHER & products";664;23620;"cocoa butter, fat and oil"
2901;"TOTAL";2903;"VEGETALE PRODUCTS  ";2914;"VEGETABLE OILS";2586;"OILCROPS OIL, OTHER & products";1241;21700,01;"liquid margarine"
2901;"TOTAL";2903;"VEGETALE PRODUCTS  ";2914;"VEGETABLE OILS";2586;"OILCROPS OIL, OTHER & products";1242;21700,02;"margarine and shortening"
2901;"TOTAL";2903;"VEGETALE PRODUCTS  ";2914;"VEGETABLE OILS";2586;"OILCROPS OIL, OTHER & products";1273;21693,02;"castor oil, hydrogenated"
2901;"TOTAL";2903;"VEGETALE PRODUCTS  ";2914;"VEGETABLE OILS";2586;"OILCROPS OIL, OTHER & products";1274;34550;"animal or vegetable fats and oils and their fractions, chemically modified….."
2901;"TOTAL";2903;"VEGETALE PRODUCTS  ";2914;"VEGETABLE OILS";2586;"OILCROPS OIL, OTHER & products";1275;"F1275";"hydrogenated oils and fats"
2901;"TOTAL";2903;"VEGETALE PRODUCTS  ";2918;"VEGETABLES";2601;"TOMATOES  & products";388;"01234";"tomatoes"
2901;"TOTAL";2903;"VEGETALE PRODUCTS  ";2918;"VEGETABLES";2601;"TOMATOES  & products";391;"21399.01";"paste of tomatoes"
2901;"TOTAL";2903;"VEGETALE PRODUCTS  ";2918;"VEGETABLES";2601;"TOMATOES  & products";392;"21399.02";"tomatoes, peeled (o/t vinegar)"
2901;"TOTAL";2903;"VEGETALE PRODUCTS  ";2918;"VEGETABLES";2601;"TOMATOES  & products";"389/390";21321;"tomato juice"
2901;"TOTAL";2903;"VEGETALE PRODUCTS  ";2918;"VEGETABLES";2602;"ONIONS, DRY";403;"01253.02";"onions and shallots, dry (excluding dehydrated)"
2901;"TOTAL";2903;"VEGETALE PRODUCTS  ";2918;"VEGETABLES";2605;"VEGETABLES, OTHER & products";358;"01212";"cabbages"
2901;"TOTAL";2903;"VEGETALE PRODUCTS  ";2918;"VEGETABLES";2605;"VEGETABLES, OTHER & products";366;"01216";"artichokes"
2901;"TOTAL";2903;"VEGETALE PRODUCTS  ";2918;"VEGETABLES";2605;"VEGETABLES, OTHER & products";367;"01211";"asparagus"
2901;"TOTAL";2903;"VEGETALE PRODUCTS  ";2918;"VEGETABLES";2605;"VEGETABLES, OTHER & products";372;"01214";"lettuce and chicory"
2901;"TOTAL";2903;"VEGETALE PRODUCTS  ";2918;"VEGETABLES";2605;"VEGETABLES, OTHER & products";373;"01215";"spinach"
2901;"TOTAL";2903;"VEGETALE PRODUCTS  ";2918;"VEGETABLES";2605;"VEGETABLES, OTHER & products";378;"01219.01";"cassava leaves"
2901;"TOTAL";2903;"VEGETALE PRODUCTS  ";2918;"VEGETABLES";2605;"VEGETABLES, OTHER & products";393;"01213";"cauliflowers and broccoli"
2901;"TOTAL";2903;"VEGETALE PRODUCTS  ";2918;"VEGETABLES";2605;"VEGETABLES, OTHER & products";394;"01235";"pumpkins, squash and gourds"
2901;"TOTAL";2903;"VEGETALE PRODUCTS  ";2918;"VEGETABLES";2605;"VEGETABLES, OTHER & products";397;"01232";"cucumbers and gherkins"
2901;"TOTAL";2903;"VEGETALE PRODUCTS  ";2918;"VEGETABLES";2605;"VEGETABLES, OTHER & products";399;"01233";"eggplants (aubergines)"
2901;"TOTAL";2903;"VEGETALE PRODUCTS  ";2918;"VEGETABLES";2605;"VEGETABLES, OTHER & products";401;"01231";"chillies and peppers, green (capsicum spp. and pimenta spp.)"
2901;"TOTAL";2903;"VEGETALE PRODUCTS  ";2918;"VEGETABLES";2605;"VEGETABLES, OTHER & products";402;"01253.01";"onions and shallots, green"
2901;"TOTAL";2903;"VEGETALE PRODUCTS  ";2918;"VEGETABLES";2605;"VEGETABLES, OTHER & products";406;"01252";"green garlic"
2901;"TOTAL";2903;"VEGETALE PRODUCTS  ";2918;"VEGETABLES";2605;"VEGETABLES, OTHER & products";407;"01254";"leeks and other alliaceous vegetables"
2901;"TOTAL";2903;"VEGETALE PRODUCTS  ";2918;"VEGETABLES";2605;"VEGETABLES, OTHER & products";414;"01241.90";"other beans, green"
2901;"TOTAL";2903;"VEGETALE PRODUCTS  ";2918;"VEGETABLES";2605;"VEGETABLES, OTHER & products";417;"01242";"peas, green"
2901;"TOTAL";2903;"VEGETALE PRODUCTS  ";2918;"VEGETABLES";2605;"VEGETABLES, OTHER & products";420;"01243";"broad beans and horse beans, green "
2901;"TOTAL";2903;"VEGETALE PRODUCTS  ";2918;"VEGETABLES";2605;"VEGETABLES, OTHER & products";423;"01241.01";"string beans "
2901;"TOTAL";2903;"VEGETALE PRODUCTS  ";2918;"VEGETABLES";2605;"VEGETABLES, OTHER & products";426;"01251";"carrots and turnips"
2901;"TOTAL";2903;"VEGETALE PRODUCTS  ";2918;"VEGETABLES";2605;"VEGETABLES, OTHER & products";430;"01239.01";"okra "
2901;"TOTAL";2903;"VEGETALE PRODUCTS  ";2918;"VEGETABLES";2605;"VEGETABLES, OTHER & products";446;"01290.01";"green corn (maize) "
2901;"TOTAL";2903;"VEGETALE PRODUCTS  ";2918;"VEGETABLES";2605;"VEGETABLES, OTHER & products";447;"21319.01";"sweet corn, frozen"
2901;"TOTAL";2903;"VEGETALE PRODUCTS  ";2918;"VEGETABLES";2605;"VEGETABLES, OTHER & products";448;"21399.03";"sweet corn, prepared or preserved"
2901;"TOTAL";2903;"VEGETALE PRODUCTS  ";2918;"VEGETABLES";2605;"VEGETABLES, OTHER & products";449;"01270";"mushrooms and truffles"
2901;"TOTAL";2903;"VEGETALE PRODUCTS  ";2918;"VEGETABLES";2605;"VEGETABLES, OTHER & products";450;"21393.01";"dried mushrooms"
2901;"TOTAL";2903;"VEGETALE PRODUCTS  ";2918;"VEGETABLES";2605;"VEGETABLES, OTHER & products";451;"21397.01";"canned mushrooms"
2901;"TOTAL";2903;"VEGETALE PRODUCTS  ";2918;"VEGETABLES";2605;"VEGETABLES, OTHER & products";459;"01691";"chicory roots "
2901;"TOTAL";2903;"VEGETALE PRODUCTS  ";2918;"VEGETABLES";2605;"VEGETABLES, OTHER & products";460;"01990.01";"Vegetable products, fresh or dry n.e.c."
2901;"TOTAL";2903;"VEGETALE PRODUCTS  ";2918;"VEGETABLES";2605;"VEGETABLES, OTHER & products";461;"01356";"locust beans (carobs)"
2901;"TOTAL";2903;"VEGETALE PRODUCTS  ";2918;"VEGETABLES";2605;"VEGETABLES, OTHER & products";463;"01290.90";"other vegetables, fresh n.e.c."
2901;"TOTAL";2903;"VEGETALE PRODUCTS  ";2918;"VEGETABLES";2605;"VEGETABLES, OTHER & products";466;"21329";"other vegetable juices"
2901;"TOTAL";2903;"VEGETALE PRODUCTS  ";2918;"VEGETABLES";2605;"VEGETABLES, OTHER & products";469;"21393.90";"vegetables, dehydrated"
2901;"TOTAL";2903;"VEGETALE PRODUCTS  ";2918;"VEGETABLES";2605;"VEGETABLES, OTHER & products";471;"21340";"vegetables, pulses and potatoes, preserved by vinegar or acetic acid"
2901;"TOTAL";2903;"VEGETALE PRODUCTS  ";2918;"VEGETABLES";2605;"VEGETABLES, OTHER & products";472;"F0472";"vegetables preserved nes (o/t vinegar)"
2901;"TOTAL";2903;"VEGETALE PRODUCTS  ";2918;"VEGETABLES";2605;"VEGETABLES, OTHER & products";473;"F0473";"vegetables frozen"
2901;"TOTAL";2903;"VEGETALE PRODUCTS  ";2918;"VEGETABLES";2605;"VEGETABLES, OTHER & products";474;"21330.90";"other vegetables provisionally preserved"
2901;"TOTAL";2903;"VEGETALE PRODUCTS  ";2918;"VEGETABLES";2605;"VEGETABLES, OTHER & products";475;"F0475";"vegetables preserved (frozen)"
2901;"TOTAL";2903;"VEGETALE PRODUCTS  ";2918;"VEGETABLES";2605;"VEGETABLES, OTHER & products";476;"23991.02";"homogenized vegetable preparations"
2901;"TOTAL";2903;"VEGETALE PRODUCTS  ";2918;"VEGETABLES";2605;"VEGETABLES, OTHER & products";567;"01221";"watermelons"
2901;"TOTAL";2903;"VEGETALE PRODUCTS  ";2918;"VEGETABLES";2605;"VEGETABLES, OTHER & products";568;"01229";"cantaloupes and other melons "
2901;"TOTAL";2903;"VEGETALE PRODUCTS  ";2918;"VEGETABLES";2605;"VEGETABLES, OTHER & products";658;"23912.01";"coffee substitutes"
2901;"TOTAL";2903;"VEGETALE PRODUCTS  ";2919;"FRUITS (Excluding Wine)";2611;"ORANGES AND MANDARINS & products";490;"01323";"oranges"
2901;"TOTAL";2903;"VEGETALE PRODUCTS  ";2919;"FRUITS (Excluding Wine)";2611;"ORANGES AND MANDARINS & products";491;"21431.01";"orange juice"
2901;"TOTAL";2903;"VEGETALE PRODUCTS  ";2919;"FRUITS (Excluding Wine)";2611;"ORANGES AND MANDARINS & products";492;"21431.02";"orange juice, concentrated"
2901;"TOTAL";2903;"VEGETALE PRODUCTS  ";2919;"FRUITS (Excluding Wine)";2611;"ORANGES AND MANDARINS & products";495;"01324";"tangerines, mandarins, clementines"
2901;"TOTAL";2903;"VEGETALE PRODUCTS  ";2919;"FRUITS (Excluding Wine)";2611;"ORANGES AND MANDARINS & products";496;21439,01;"juice of tangerine"
2901;"TOTAL";2903;"VEGETALE PRODUCTS  ";2919;"FRUITS (Excluding Wine)";2612;"LEMONS AND LIMES & products";497;"01322";"lemons and limes"
2901;"TOTAL";2903;"VEGETALE PRODUCTS  ";2919;"FRUITS (Excluding Wine)";2612;"LEMONS AND LIMES & products";498;21439,02;"juice of lemon"
2901;"TOTAL";2903;"VEGETALE PRODUCTS  ";2919;"FRUITS (Excluding Wine)";2612;"LEMONS AND LIMES & products";499;21439,03;"Lemon juice, concentrated"
2901;"TOTAL";2903;"VEGETALE PRODUCTS  ";2919;"FRUITS (Excluding Wine)";2613;"GRAPEFRUIT & products";507;"01321";"pomelos and grapefruits"
2901;"TOTAL";2903;"VEGETALE PRODUCTS  ";2919;"FRUITS (Excluding Wine)";2613;"GRAPEFRUIT & products";509;"21432";"grapefruit juice"
2901;"TOTAL";2903;"VEGETALE PRODUCTS  ";2919;"FRUITS (Excluding Wine)";2613;"GRAPEFRUIT & products";510;"21432.01";"grapefruit juice, concentrated"
2901;"TOTAL";2903;"VEGETALE PRODUCTS  ";2919;"FRUITS (Excluding Wine)";2614;"CITRUS, OTHER & products";512;"01329";"other citrus fruit, n.e.c."
2901;"TOTAL";2903;"VEGETALE PRODUCTS  ";2919;"FRUITS (Excluding Wine)";2614;"CITRUS, OTHER & products";513;21439,04;"Juice of citrus fruit n.e.c."
2901;"TOTAL";2903;"VEGETALE PRODUCTS  ";2919;"FRUITS (Excluding Wine)";2614;"CITRUS, OTHER & products";514;21439,05;"Citrus juice, concentrated n.e.c."
2901;"TOTAL";2903;"VEGETALE PRODUCTS  ";2919;"FRUITS (Excluding Wine)";2615;"BANANAS ";486;"01312";"bananas"
2901;"TOTAL";2903;"VEGETALE PRODUCTS  ";2919;"FRUITS (Excluding Wine)";2616;"PLANTAINS ";489;"01313";"plantains and others"
2901;"TOTAL";2903;"VEGETALE PRODUCTS  ";2919;"FRUITS (Excluding Wine)";2617;"APPLES (EXCL. CIDER) & products";515;"01341";"apples"
2901;"TOTAL";2903;"VEGETALE PRODUCTS  ";2919;"FRUITS (Excluding Wine)";2617;"APPLES (EXCL. CIDER) & products";518;"21435.01";"apple juice"
2901;"TOTAL";2903;"VEGETALE PRODUCTS  ";2919;"FRUITS (Excluding Wine)";2617;"APPLES (EXCL. CIDER) & products";519;"21435.02";"apple juice, concentrated"
2901;"TOTAL";2903;"VEGETALE PRODUCTS  ";2919;"FRUITS (Excluding Wine)";2618;"PINEAPPLES & products";574;"01318";"pineapples"
2901;"TOTAL";2903;"VEGETALE PRODUCTS  ";2919;"FRUITS (Excluding Wine)";2618;"PINEAPPLES & products";575;"21491";"pineapples, otherwise prepared or preserved"
2901;"TOTAL";2903;"VEGETALE PRODUCTS  ";2919;"FRUITS (Excluding Wine)";2618;"PINEAPPLES & products";576;"21433";"pineapple juice"
2901;"TOTAL";2903;"VEGETALE PRODUCTS  ";2919;"FRUITS (Excluding Wine)";2618;"PINEAPPLES & products";580;"21433.01";"juice of pineapples, concentrated"
2901;"TOTAL";2903;"VEGETALE PRODUCTS  ";2919;"FRUITS (Excluding Wine)";2619;"DATES ";577;"01314";"dates"
2901;"TOTAL";2903;"VEGETALE PRODUCTS  ";2919;"FRUITS (Excluding Wine)";2620;"GRAPES (EXCL. WINE) & products";560;"01330";"grapes"
2901;"TOTAL";2903;"VEGETALE PRODUCTS  ";2919;"FRUITS (Excluding Wine)";2620;"GRAPES (EXCL. WINE) & products";561;"21411";"raisins"
2901;"TOTAL";2903;"VEGETALE PRODUCTS  ";2919;"FRUITS (Excluding Wine)";2620;"GRAPES (EXCL. WINE) & products";562;"21434";"grape juice"
2901;"TOTAL";2903;"VEGETALE PRODUCTS  ";2919;"FRUITS (Excluding Wine)";2620;"GRAPES (EXCL. WINE) & products";563;"24212.01";"must of grape"
2901;"TOTAL";2903;"VEGETALE PRODUCTS  ";2919;"FRUITS (Excluding Wine)";2625;"FRUIT, OTHER & products";521;"01342.01";"pears"
2901;"TOTAL";2903;"VEGETALE PRODUCTS  ";2919;"FRUITS (Excluding Wine)";2625;"FRUIT, OTHER & products";523;"01342.02";"quinces"
2901;"TOTAL";2903;"VEGETALE PRODUCTS  ";2919;"FRUITS (Excluding Wine)";2625;"FRUIT, OTHER & products";526;"01343";"apricots"
2901;"TOTAL";2903;"VEGETALE PRODUCTS  ";2919;"FRUITS (Excluding Wine)";2625;"FRUIT, OTHER & products";527;"21419.01";"apricots, dried"
2901;"TOTAL";2903;"VEGETALE PRODUCTS  ";2919;"FRUITS (Excluding Wine)";2625;"FRUIT, OTHER & products";530;"01344.01";"sour cherries"
2901;"TOTAL";2903;"VEGETALE PRODUCTS  ";2919;"FRUITS (Excluding Wine)";2625;"FRUIT, OTHER & products";531;"01344.02";"cherries"
2901;"TOTAL";2903;"VEGETALE PRODUCTS  ";2919;"FRUITS (Excluding Wine)";2625;"FRUIT, OTHER & products";534;"01345";"peaches and nectarines"
2901;"TOTAL";2903;"VEGETALE PRODUCTS  ";2919;"FRUITS (Excluding Wine)";2625;"FRUIT, OTHER & products";536;"01346";"plums and sloes"
2901;"TOTAL";2903;"VEGETALE PRODUCTS  ";2919;"FRUITS (Excluding Wine)";2625;"FRUIT, OTHER & products";537;"21412";"plums, dried"
2901;"TOTAL";2903;"VEGETALE PRODUCTS  ";2919;"FRUITS (Excluding Wine)";2625;"FRUIT, OTHER & products";538;21439,06;"Juice of plum"
2901;"TOTAL";2903;"VEGETALE PRODUCTS  ";2919;"FRUITS (Excluding Wine)";2625;"FRUIT, OTHER & products";539;21439,07;"Juice of plum, concentrated"
2901;"TOTAL";2903;"VEGETALE PRODUCTS  ";2919;"FRUITS (Excluding Wine)";2625;"FRUIT, OTHER & products";541;"01349.20";"other stone fruits"
2901;"TOTAL";2903;"VEGETALE PRODUCTS  ";2919;"FRUITS (Excluding Wine)";2625;"FRUIT, OTHER & products";542;"01349.10";"other pome fruits"
2901;"TOTAL";2903;"VEGETALE PRODUCTS  ";2919;"FRUITS (Excluding Wine)";2625;"FRUIT, OTHER & products";544;"01354";"strawberries"
2901;"TOTAL";2903;"VEGETALE PRODUCTS  ";2919;"FRUITS (Excluding Wine)";2625;"FRUIT, OTHER & products";547;"01353.01";"raspberries"
2901;"TOTAL";2903;"VEGETALE PRODUCTS  ";2919;"FRUITS (Excluding Wine)";2625;"FRUIT, OTHER & products";549;"01351.02";"gooseberries "
2901;"TOTAL";2903;"VEGETALE PRODUCTS  ";2919;"FRUITS (Excluding Wine)";2625;"FRUIT, OTHER & products";550;"01351.01";"currants"
2901;"TOTAL";2903;"VEGETALE PRODUCTS  ";2919;"FRUITS (Excluding Wine)";2625;"FRUIT, OTHER & products";552;"01355.01";"blueberries"
2901;"TOTAL";2903;"VEGETALE PRODUCTS  ";2919;"FRUITS (Excluding Wine)";2625;"FRUIT, OTHER & products";554;"01355.02";"cranberries"
2901;"TOTAL";2903;"VEGETALE PRODUCTS  ";2919;"FRUITS (Excluding Wine)";2625;"FRUIT, OTHER & products";558;"01355.90";"other berries and fruits of the genus vaccinium"
2901;"TOTAL";2903;"VEGETALE PRODUCTS  ";2919;"FRUITS (Excluding Wine)";2625;"FRUIT, OTHER & products";569;"01315";"figs"
2901;"TOTAL";2903;"VEGETALE PRODUCTS  ";2919;"FRUITS (Excluding Wine)";2625;"FRUIT, OTHER & products";570;"21419.02";"figs, dried"
2901;"TOTAL";2903;"VEGETALE PRODUCTS  ";2919;"FRUITS (Excluding Wine)";2625;"FRUIT, OTHER & products";571;"01316";"mangoes, guavas, mangosteens"
2901;"TOTAL";2903;"VEGETALE PRODUCTS  ";2919;"FRUITS (Excluding Wine)";2625;"FRUIT, OTHER & products";572;"01311";"avocados"
2901;"TOTAL";2903;"VEGETALE PRODUCTS  ";2919;"FRUITS (Excluding Wine)";2625;"FRUIT, OTHER & products";583;21439,08;"Juice of mango"
2901;"TOTAL";2903;"VEGETALE PRODUCTS  ";2919;"FRUITS (Excluding Wine)";2625;"FRUIT, OTHER & products";584;"21499.01";"Mango pulp"
2901;"TOTAL";2903;"VEGETALE PRODUCTS  ";2919;"FRUITS (Excluding Wine)";2625;"FRUIT, OTHER & products";587;"01359.01";"persimmons"
2901;"TOTAL";2903;"VEGETALE PRODUCTS  ";2919;"FRUITS (Excluding Wine)";2625;"FRUIT, OTHER & products";591;"01359.02";"cashewapple"
2901;"TOTAL";2903;"VEGETALE PRODUCTS  ";2919;"FRUITS (Excluding Wine)";2625;"FRUIT, OTHER & products";592;"01352";"kiwi fruit"
2901;"TOTAL";2903;"VEGETALE PRODUCTS  ";2919;"FRUITS (Excluding Wine)";2625;"FRUIT, OTHER & products";600;"01317";"papayas"
2901;"TOTAL";2903;"VEGETALE PRODUCTS  ";2919;"FRUITS (Excluding Wine)";2625;"FRUIT, OTHER & products";603;"01319";"other tropical fruits, n.e.c."
2901;"TOTAL";2903;"VEGETALE PRODUCTS  ";2919;"FRUITS (Excluding Wine)";2625;"FRUIT, OTHER & products";604;"21419.91";"other tropical fruit, dried [only calories]"
2901;"TOTAL";2903;"VEGETALE PRODUCTS  ";2919;"FRUITS (Excluding Wine)";2625;"FRUIT, OTHER & products";619;"01359.90";"other fruits n.e.c. "
2901;"TOTAL";2903;"VEGETALE PRODUCTS  ";2919;"FRUITS (Excluding Wine)";2625;"FRUIT, OTHER & products";620;"21419.99";"other fruit n.e.c., dried"
2901;"TOTAL";2903;"VEGETALE PRODUCTS  ";2919;"FRUITS (Excluding Wine)";2625;"FRUIT, OTHER & products";622;"21439.90";"juice of fruits n.e.c."
2901;"TOTAL";2903;"VEGETALE PRODUCTS  ";2919;"FRUITS (Excluding Wine)";2625;"FRUIT, OTHER & products";623;"F0623";"fruit prepared n.e.c."
2901;"TOTAL";2903;"VEGETALE PRODUCTS  ";2919;"FRUITS (Excluding Wine)";2625;"FRUIT, OTHER & products";624;"23170.04";"flour of fruits"
2901;"TOTAL";2903;"VEGETALE PRODUCTS  ";2919;"FRUITS (Excluding Wine)";2625;"FRUIT, OTHER & products";625;"23670.02";"fruit, nuts, peel, sugar preserved"
2901;"TOTAL";2903;"VEGETALE PRODUCTS  ";2919;"FRUITS (Excluding Wine)";2625;"FRUIT, OTHER & products";626;"23991.03";"homogenized cooked fruit, prepared"
2901;"TOTAL";2903;"VEGETALE PRODUCTS  ";2922;"STIMULANTS";2630;"COFFEE & products";656;"01610";"coffee, green"
2901;"TOTAL";2903;"VEGETALE PRODUCTS  ";2922;"STIMULANTS";2630;"COFFEE & products";657;"23911";"coffee, decaffeinated or roasted"
2901;"TOTAL";2903;"VEGETALE PRODUCTS  ";2922;"STIMULANTS";2630;"COFFEE & products";659;"23912.02";"coffee extracts"
2901;"TOTAL";2903;"VEGETALE PRODUCTS  ";2922;"STIMULANTS";2633;"COCOA BEANS & products";661;"01640";"cocoa beans"
2901;"TOTAL";2903;"VEGETALE PRODUCTS  ";2922;"STIMULANTS";2633;"COCOA BEANS & products";662;"23610.01";"cocoa paste not defatted"
2901;"TOTAL";2903;"VEGETALE PRODUCTS  ";2922;"STIMULANTS";2633;"COCOA BEANS & products";665;"F0665";"cocoa powder and cake [only calories]"
2901;"TOTAL";2903;"VEGETALE PRODUCTS  ";2922;"STIMULANTS";2633;"COCOA BEANS & products";666;"F0666";"chocolate products nes"
2901;"TOTAL";2903;"VEGETALE PRODUCTS  ";2922;"STIMULANTS";2635;"TEA  & products";667;"01620";"tea leaves"
2901;"TOTAL";2903;"VEGETALE PRODUCTS  ";2922;"STIMULANTS";2635;"TEA  & products";671;"01630";"maté leaves"
2901;"TOTAL";2903;"VEGETALE PRODUCTS  ";2922;"STIMULANTS";2635;"TEA  & products";672;"23914";"extracts, essences and concentrates of tea or mate, and preparations with a basis thereof or with a basis of tea or maté"
2901;"TOTAL";2903;"VEGETALE PRODUCTS  ";2922;"STIMULANTS";2635;"TEA  & products";;23913;"green tea"
2901;"TOTAL";2903;"VEGETALE PRODUCTS  ";2922;"STIMULANTS";2635;"TEA  & products";;"01930.04";"tea nes (herbal tea)"
2901;"TOTAL";2903;"VEGETALE PRODUCTS  ";2923;"SPICES";2640;"PEPPER ";687;"01651";"pepper (piper spp.), raw"
2901;"TOTAL";2903;"VEGETALE PRODUCTS  ";2923;"SPICES";2641;"PIMENTO ";689;"01652";"chillies and peppers, dry (capsicum spp. and pimenta spp.), raw"
2901;"TOTAL";2903;"VEGETALE PRODUCTS  ";2923;"SPICES";2642;"CLOVES ";698;"01656";"cloves (whole stems), raw"
2901;"TOTAL";2903;"VEGETALE PRODUCTS  ";2923;"SPICES";2645;"SPICES, OTHER & products";692;"01658";"vanilla, raw"
2901;"TOTAL";2903;"VEGETALE PRODUCTS  ";2923;"SPICES";2645;"SPICES, OTHER & products";693;"01655";"cinnamon and cinnamon-tree flowers, raw"
2901;"TOTAL";2903;"VEGETALE PRODUCTS  ";2923;"SPICES";2645;"SPICES, OTHER & products";702;"01653";"nutmeg, mace, cardamoms, raw"
2901;"TOTAL";2903;"VEGETALE PRODUCTS  ";2923;"SPICES";2645;"SPICES, OTHER & products";711;"01654";"anise, badian, coriander, cumin, caraway, fennel and juniper berries, raw"
2901;"TOTAL";2903;"VEGETALE PRODUCTS  ";2923;"SPICES";2645;"SPICES, OTHER & products";720;"01657";"ginger, raw"
2901;"TOTAL";2903;"VEGETALE PRODUCTS  ";2923;"SPICES";2645;"SPICES, OTHER & products";723;"01699";"other stimulant, spice and aromatic crops, n.e.c. "
2901;"TOTAL";2903;"VEGETALE PRODUCTS  ";2924;"ALCOHOLIC BEVERAGES";2655;"WINE & products";564;"24212.02";"wine"
2901;"TOTAL";2903;"VEGETALE PRODUCTS  ";2924;"ALCOHOLIC BEVERAGES";2655;"WINE & products";565;"24220";"vermouth and other wine of fresh grapes flavoured with plats or aromatic substances"
2901;"TOTAL";2903;"VEGETALE PRODUCTS  ";2924;"ALCOHOLIC BEVERAGES";2656;"BARLEY BEER ";51;24310,01;"Beer of barley, malted"
2901;"TOTAL";2903;"VEGETALE PRODUCTS  ";2924;"ALCOHOLIC BEVERAGES";2657;"BEVERAGES, FERMENTED & products";26;24230,01;"wheat-fermented beverages"
2901;"TOTAL";2903;"VEGETALE PRODUCTS  ";2924;"ALCOHOLIC BEVERAGES";2657;"BEVERAGES, FERMENTED & products";39;"24230.02";"rice-fermented beverages"
2901;"TOTAL";2903;"VEGETALE PRODUCTS  ";2924;"ALCOHOLIC BEVERAGES";2657;"BEVERAGES, FERMENTED & products";66;24310,02;"Beer of maize, malted"
2901;"TOTAL";2903;"VEGETALE PRODUCTS  ";2924;"ALCOHOLIC BEVERAGES";2657;"BEVERAGES, FERMENTED & products";82;24310,03;"Beer of millet, malted"
2901;"TOTAL";2903;"VEGETALE PRODUCTS  ";2924;"ALCOHOLIC BEVERAGES";2657;"BEVERAGES, FERMENTED & products";86;24310,04;"Beer of sorghum, malted"
2901;"TOTAL";2903;"VEGETALE PRODUCTS  ";2924;"ALCOHOLIC BEVERAGES";2657;"BEVERAGES, FERMENTED & products";517;"24230.03";"cider and other fermented beverages"
2901;"TOTAL";2903;"VEGETALE PRODUCTS  ";2924;"ALCOHOLIC BEVERAGES";2658;"BEVERAGES, ALCOHOLIC ";634;"2413";"undenatured ethyl alcohol of an alcoholic strength by volume of less than 80% vol; spirits, liqueurs and other spirituous beverages"
2901;"TOTAL";2903;"VEGETALE PRODUCTS  ";2924;"ALCOHOLIC BEVERAGES";2659;"ALCOHOL, NON-FOOD ";632;"24110";"undenatured ethyl alcohol of an alcoholic strength by volume of 80% vol or higher"
2901;"TOTAL";2903;"VEGETALE PRODUCTS  ";2928;"MISCELLANEOUS ";2680;"INFANT FOOD ";109;"23991.01";"infant food"
2901;"TOTAL";2903;"VEGETALE PRODUCTS  ";2928;"MISCELLANEOUS ";2899;"MISCELLANEOUS ";1232;"F1232";"food preparations n.e.c. "
2901;"TOTAL";2941;"ANIMAL PRODUCTS  ";2943;"MEAT ";2731;"BOVINE MEAT & products";867;"21111.01";"meat of cattle with the bone, fresh or chilled"
2901;"TOTAL";2941;"ANIMAL PRODUCTS  ";2943;"MEAT ";2731;"BOVINE MEAT & products";870;"21111.02";"meat of cattle boneless, fresh or chilled"
2901;"TOTAL";2941;"ANIMAL PRODUCTS  ";2943;"MEAT ";2731;"BOVINE MEAT & products";872;"21182";"bovine meat, salted, dried or smoked"
2901;"TOTAL";2941;"ANIMAL PRODUCTS  ";2943;"MEAT ";2731;"BOVINE MEAT & products";873;"21185";"extracts and juices of meat, fish, crustaceans, molluscs or other aquatic invertebrates"
2901;"TOTAL";2941;"ANIMAL PRODUCTS  ";2943;"MEAT ";2731;"BOVINE MEAT & products";874;"21184.01";"sausages and similar products of meat, offal or blood of beef and veal"
2901;"TOTAL";2941;"ANIMAL PRODUCTS  ";2943;"MEAT ";2731;"BOVINE MEAT & products";875;"F0875";"beef and veal preparations nes"
2901;"TOTAL";2941;"ANIMAL PRODUCTS  ";2943;"MEAT ";2731;"BOVINE MEAT & products";877;"23991.04";"homogenized meat preparations"
2901;"TOTAL";2941;"ANIMAL PRODUCTS  ";2943;"MEAT ";2731;"BOVINE MEAT & products";947;"21112";"meat of buffalo, fresh or chilled"
2901;"TOTAL";2941;"ANIMAL PRODUCTS  ";2943;"MEAT ";2732;"MUTTON/GOAT MEAT & products";977;"21115";"meat of sheep, fresh or chilled"
2901;"TOTAL";2941;"ANIMAL PRODUCTS  ";2943;"MEAT ";2732;"MUTTON/GOAT MEAT & products";1017;"21116";"meat of goat, fresh or chilled"
2901;"TOTAL";2941;"ANIMAL PRODUCTS  ";2943;"MEAT ";2733;"PIG MEAT & products";1035;"21113.01";"meat of pig with the bone, fresh or chilled"
2901;"TOTAL";2941;"ANIMAL PRODUCTS  ";2943;"MEAT ";2733;"PIG MEAT & products";1038;"21113.02";"meat of pig boneless, fresh or chilled"
2901;"TOTAL";2941;"ANIMAL PRODUCTS  ";2943;"MEAT ";2733;"PIG MEAT & products";1039;"21181";"pig meat, cuts, salted, dried or smoked (bacon and ham)"
2901;"TOTAL";2941;"ANIMAL PRODUCTS  ";2943;"MEAT ";2733;"PIG MEAT & products";1041;"21184.02";"sausages and similar products of meat, offal or blood of pig"
2901;"TOTAL";2941;"ANIMAL PRODUCTS  ";2943;"MEAT ";2733;"PIG MEAT & products";1042;"F1042";"pig meat preparations"
2901;"TOTAL";2941;"ANIMAL PRODUCTS  ";2943;"MEAT ";2734;"POULTRY MEAT & products";1058;"21121";"meat of chickens, fresh or chilled"
2901;"TOTAL";2941;"ANIMAL PRODUCTS  ";2943;"MEAT ";2734;"POULTRY MEAT & products";1060;"21189.02";"fatty liver preparations"
2901;"TOTAL";2941;"ANIMAL PRODUCTS  ";2943;"MEAT ";2734;"POULTRY MEAT & products";1061;"F1061";"poultry meat preparations "
2901;"TOTAL";2941;"ANIMAL PRODUCTS  ";2943;"MEAT ";2734;"POULTRY MEAT & products";1069;"21122";"meat of ducks, fresh or chilled"
2901;"TOTAL";2941;"ANIMAL PRODUCTS  ";2943;"MEAT ";2734;"POULTRY MEAT & products";1073;"21123";"meat of geese, fresh or chilled"
2901;"TOTAL";2941;"ANIMAL PRODUCTS  ";2943;"MEAT ";2734;"POULTRY MEAT & products";1080;"21124";"meat of turkeys, fresh or chilled"
2901;"TOTAL";2941;"ANIMAL PRODUCTS  ";2943;"MEAT ";2735;"OTHER MEAT & products";1089;"21170.01";"meat of pigeons and other birds n.e.c., fresh, chilled or frozen"
2901;"TOTAL";2941;"ANIMAL PRODUCTS  ";2943;"MEAT ";2735;"OTHER MEAT & products";1097;"21118.01";"horse meat, fresh or chilled"
2901;"TOTAL";2941;"ANIMAL PRODUCTS  ";2943;"MEAT ";2735;"OTHER MEAT & products";1108;"21118.02";"meat of asses, fresh or chilled"
2901;"TOTAL";2941;"ANIMAL PRODUCTS  ";2943;"MEAT ";2735;"OTHER MEAT & products";1111;"21118.03";"meat of mules, fresh or chilled"
2901;"TOTAL";2941;"ANIMAL PRODUCTS  ";2943;"MEAT ";2735;"OTHER MEAT & products";1127;"21117.01";"meat of camels, fresh or chilled"
2901;"TOTAL";2941;"ANIMAL PRODUCTS  ";2943;"MEAT ";2735;"OTHER MEAT & products";1141;"21114";"meat of rabbits and hares, fresh or chilled"
2901;"TOTAL";2941;"ANIMAL PRODUCTS  ";2943;"MEAT ";2735;"OTHER MEAT & products";1151;"21119.01";"meat of other domestic rodents, fresh or chilled"
2901;"TOTAL";2941;"ANIMAL PRODUCTS  ";2943;"MEAT ";2735;"OTHER MEAT & products";1158;"21117.02";"meat of other domestic camelids, fresh or chilled"
2901;"TOTAL";2941;"ANIMAL PRODUCTS  ";2943;"MEAT ";2735;"OTHER MEAT & products";1163;"21170.02";"game meat, fresh, chilled or frozen"
2901;"TOTAL";2941;"ANIMAL PRODUCTS  ";2943;"MEAT ";2735;"OTHER MEAT & products";1164;"21183";"other meat and edible meat offal, salted, in brine, dried or smoked; edible flours and meals of meat or meat offal"
2901;"TOTAL";2941;"ANIMAL PRODUCTS  ";2943;"MEAT ";2735;"OTHER MEAT & products";1166;"21170.92";"other meat n.e.c., fresh, chilled or frozen"
2901;"TOTAL";2941;"ANIMAL PRODUCTS  ";2943;"MEAT ";2735;"OTHER MEAT & products";1172;"F1172";"meat prepared n.e.c."
2901;"TOTAL";2941;"ANIMAL PRODUCTS  ";2943;"MEAT ";2735;"OTHER MEAT & products";1176;"02920";"snails, fresh, chilled, frozen, dried, salted or in brine, except sea snails"
2901;"TOTAL";2941;"ANIMAL PRODUCTS  ";2943;"MEAT ";2735;"OTHER MEAT & products";;"21119.90";"other meat of mammals, fresh or chilled"
2901;"TOTAL";2941;"ANIMAL PRODUCTS  ";2945;"OFFALS ";2736;"OFFALS & products";868;"21151";"edible offal of cattle, fresh, chilled or frozen"
2901;"TOTAL";2941;"ANIMAL PRODUCTS  ";2945;"OFFALS ";2736;"OFFALS & products";878;"21189.01";"liver preparations"
2901;"TOTAL";2941;"ANIMAL PRODUCTS  ";2945;"OFFALS ";2736;"OFFALS & products";948;"21152";"edible offal of buffalo, fresh, chilled or frozen"
2901;"TOTAL";2941;"ANIMAL PRODUCTS  ";2945;"OFFALS ";2736;"OFFALS & products";978;"21155";"edible offal of sheep, fresh, chilled or frozen"
2901;"TOTAL";2941;"ANIMAL PRODUCTS  ";2945;"OFFALS ";2736;"OFFALS & products";1018;"21156";"edible offal of goat, fresh, chilled or frozen"
2901;"TOTAL";2941;"ANIMAL PRODUCTS  ";2945;"OFFALS ";2736;"OFFALS & products";1036;"21153";"edible offal of pigs, fresh, chilled or frozen"
2901;"TOTAL";2941;"ANIMAL PRODUCTS  ";2945;"OFFALS ";2736;"OFFALS & products";1059;"21160.01";"edible offals and liver of chickens and guinea fowl, fresh, chilled or frozen"
2901;"TOTAL";2941;"ANIMAL PRODUCTS  ";2945;"OFFALS ";2736;"OFFALS & products";1074;"21160.02";"edible offals and liver of geese, fresh, chilled or frozen"
2901;"TOTAL";2941;"ANIMAL PRODUCTS  ";2945;"OFFALS ";2736;"OFFALS & products";1075;"21160.03";"edible offals and liver of ducks, fresh, chilled or frozen"
2901;"TOTAL";2941;"ANIMAL PRODUCTS  ";2945;"OFFALS ";2736;"OFFALS & products";1081;"21160.04";"edible offals and liver of turkey,fresh, chilled or frozen"
2901;"TOTAL";2941;"ANIMAL PRODUCTS  ";2945;"OFFALS ";2736;"OFFALS & products";1098;"21159.01";"edible offals of horses and other equines,  fresh, chilled or frozen"
2901;"TOTAL";2941;"ANIMAL PRODUCTS  ";2945;"OFFALS ";2736;"OFFALS & products";1128;"21159.02";"edible offals of camels and other camelids, fresh, chilled or frozen"
2901;"TOTAL";2941;"ANIMAL PRODUCTS  ";2945;"OFFALS ";2736;"OFFALS & products";1167;"21170.93";"offals n.e.c.,fresh, chilled or frozen"
2901;"TOTAL";2941;"ANIMAL PRODUCTS  ";2946;"ANIMAL FATS";2737;"FATS, ANIMAL, RAW & products";869;"21512";"cattle fat, unrendered"
2901;"TOTAL";2941;"ANIMAL PRODUCTS  ";2946;"ANIMAL FATS";2737;"FATS, ANIMAL, RAW & products";871;"21512.01";"cattle, butcher fat [only calories]"
2901;"TOTAL";2941;"ANIMAL PRODUCTS  ";2946;"ANIMAL FATS";2737;"FATS, ANIMAL, RAW & products";949;"21513";"buffalo fat, unrendered"
2901;"TOTAL";2941;"ANIMAL PRODUCTS  ";2946;"ANIMAL FATS";2737;"FATS, ANIMAL, RAW & products";979;"21514";"sheep fat, unrendered"
2901;"TOTAL";2941;"ANIMAL PRODUCTS  ";2946;"ANIMAL FATS";2737;"FATS, ANIMAL, RAW & products";994;"F0994";"wool grease and lanolin"
2901;"TOTAL";2941;"ANIMAL PRODUCTS  ";2946;"ANIMAL FATS";2737;"FATS, ANIMAL, RAW & products";1019;"21515";"goat fat, unrendered"
2901;"TOTAL";2941;"ANIMAL PRODUCTS  ";2946;"ANIMAL FATS";2737;"FATS, ANIMAL, RAW & products";1037;"21511.01";"fat of pigs"
2901;"TOTAL";2941;"ANIMAL PRODUCTS  ";2946;"ANIMAL FATS";2737;"FATS, ANIMAL, RAW & products";1040;"21511.02";"pig, butcher fat [only calories]"
2901;"TOTAL";2941;"ANIMAL PRODUCTS  ";2946;"ANIMAL FATS";2737;"FATS, ANIMAL, RAW & products";1043;"21521";"pig fat, rendered"
2901;"TOTAL";2941;"ANIMAL PRODUCTS  ";2946;"ANIMAL FATS";2737;"FATS, ANIMAL, RAW & products";1065;"21511.03";"fat of poultry"
2901;"TOTAL";2941;"ANIMAL PRODUCTS  ";2946;"ANIMAL FATS";2737;"FATS, ANIMAL, RAW & products";1066;"21522";"poultry fat, rendered"
2901;"TOTAL";2941;"ANIMAL PRODUCTS  ";2946;"ANIMAL FATS";2737;"FATS, ANIMAL, RAW & products";1129;"21519.02";"fat of camels"
2901;"TOTAL";2941;"ANIMAL PRODUCTS  ";2946;"ANIMAL FATS";2737;"FATS, ANIMAL, RAW & products";1160;"21519.03";"fat of other camelids"
2901;"TOTAL";2941;"ANIMAL PRODUCTS  ";2946;"ANIMAL FATS";2737;"FATS, ANIMAL, RAW & products";1168;"21529.03";"animal oils and fats nes"
2901;"TOTAL";2941;"ANIMAL PRODUCTS  ";2946;"ANIMAL FATS";2737;"FATS, ANIMAL, RAW & products";1221;"21529.02";"lard stearine and lard oil"
2901;"TOTAL";2941;"ANIMAL PRODUCTS  ";2946;"ANIMAL FATS";2737;"FATS, ANIMAL, RAW & products";1222;"21932.01";"degras"
2901;"TOTAL";2941;"ANIMAL PRODUCTS  ";2946;"ANIMAL FATS";2737;"FATS, ANIMAL, RAW & products";1225;"21523";"tallow"
2901;"TOTAL";2941;"ANIMAL PRODUCTS  ";2946;"ANIMAL FATS";2737;"FATS, ANIMAL, RAW & products";1243;"F1243";"fat preparations n.e.c."
2901;"TOTAL";2941;"ANIMAL PRODUCTS  ";2946;"ANIMAL FATS";2740;"BUTTER, GHEE & products";886;"22241.01";"butter of cow milk"
2901;"TOTAL";2941;"ANIMAL PRODUCTS  ";2946;"ANIMAL FATS";2740;"BUTTER, GHEE & products";887;"22241.02";"ghee from cow milk "
2901;"TOTAL";2941;"ANIMAL PRODUCTS  ";2946;"ANIMAL FATS";2740;"BUTTER, GHEE & products";952;"22242.01";"butter of buffalo milk "
2901;"TOTAL";2941;"ANIMAL PRODUCTS  ";2946;"ANIMAL FATS";2740;"BUTTER, GHEE & products";953;"22242.02";"ghee, from buffalo milk "
2901;"TOTAL";2941;"ANIMAL PRODUCTS  ";2946;"ANIMAL FATS";2740;"BUTTER, GHEE & products";983;"22249.01";"butter and ghee of sheep milk "
2901;"TOTAL";2941;"ANIMAL PRODUCTS  ";2946;"ANIMAL FATS";2740;"BUTTER, GHEE & products";1022;"22249.02";"butter of goat milk "
2901;"TOTAL";2941;"ANIMAL PRODUCTS  ";2946;"ANIMAL FATS";2743;"CREAM ";885;"22120";"cream, fresh "
2901;"TOTAL";2941;"ANIMAL PRODUCTS  ";2948;"MILK (excluding butter)";2848;"MILK & products (excl. butter)";882;"02211";"raw milk of cattle"
2901;"TOTAL";2941;"ANIMAL PRODUCTS  ";2948;"MILK (excluding butter)";2848;"MILK & products (excl. butter)";888;"22110.02";"skim milk of cows"
2901;"TOTAL";2941;"ANIMAL PRODUCTS  ";2948;"MILK (excluding butter)";2848;"MILK & products (excl. butter)";889;"22222.01";"whole milk, condensed"
2901;"TOTAL";2941;"ANIMAL PRODUCTS  ";2948;"MILK (excluding butter)";2848;"MILK & products (excl. butter)";890;"22130.03";"whey, condensed"
2901;"TOTAL";2941;"ANIMAL PRODUCTS  ";2948;"MILK (excluding butter)";2848;"MILK & products (excl. butter)";891;"22230.01";"yoghurt"
2901;"TOTAL";2941;"ANIMAL PRODUCTS  ";2948;"MILK (excluding butter)";2848;"MILK & products (excl. butter)";892;"22230.02";"yoghurt, with additives"
2901;"TOTAL";2941;"ANIMAL PRODUCTS  ";2948;"MILK (excluding butter)";2848;"MILK & products (excl. butter)";893;22230,03;"buttermilk, curdled and acidified milk"
2901;"TOTAL";2941;"ANIMAL PRODUCTS  ";2948;"MILK (excluding butter)";2848;"MILK & products (excl. butter)";894;"22221.01";"whole milk, evaporated"
2901;"TOTAL";2941;"ANIMAL PRODUCTS  ";2948;"MILK (excluding butter)";2848;"MILK & products (excl. butter)";895;"22221.02";"skim milk, evaporated"
2901;"TOTAL";2941;"ANIMAL PRODUCTS  ";2948;"MILK (excluding butter)";2848;"MILK & products (excl. butter)";896;"22222.02";"skim milk, condensed"
2901;"TOTAL";2941;"ANIMAL PRODUCTS  ";2948;"MILK (excluding butter)";2848;"MILK & products (excl. butter)";897;"22211";"whole milk powder"
2901;"TOTAL";2941;"ANIMAL PRODUCTS  ";2948;"MILK (excluding butter)";2848;"MILK & products (excl. butter)";898;"22212";"skim milk and whey powder"
2901;"TOTAL";2941;"ANIMAL PRODUCTS  ";2948;"MILK (excluding butter)";2848;"MILK & products (excl. butter)";899;22230,04;"buttermilk, dry"
2901;"TOTAL";2941;"ANIMAL PRODUCTS  ";2948;"MILK (excluding butter)";2848;"MILK & products (excl. butter)";900;"22130.02";"whey, dry"
2901;"TOTAL";2941;"ANIMAL PRODUCTS  ";2948;"MILK (excluding butter)";2848;"MILK & products (excl. butter)";901;"22251.01";"cheese from whole cow milk"
2901;"TOTAL";2941;"ANIMAL PRODUCTS  ";2948;"MILK (excluding butter)";2848;"MILK & products (excl. butter)";903;"22130.01";"whey, fresh [only calories]"
2901;"TOTAL";2941;"ANIMAL PRODUCTS  ";2948;"MILK (excluding butter)";2848;"MILK & products (excl. butter)";904;"22251.02";"cheese from skimmed cow milk"
2901;"TOTAL";2941;"ANIMAL PRODUCTS  ";2948;"MILK (excluding butter)";2848;"MILK & products (excl. butter)";905;"22251.03";"whey cheese"
2901;"TOTAL";2941;"ANIMAL PRODUCTS  ";2948;"MILK (excluding butter)";2848;"MILK & products (excl. butter)";907;"22251.04";"processed cheese"
2901;"TOTAL";2941;"ANIMAL PRODUCTS  ";2948;"MILK (excluding butter)";2848;"MILK & products (excl. butter)";908;"22110.03";"reconstituted milk"
2901;"TOTAL";2941;"ANIMAL PRODUCTS  ";2948;"MILK (excluding butter)";2848;"MILK & products (excl. butter)";909;"22290";"dairy products n.e.c. [only calories]"
2901;"TOTAL";2941;"ANIMAL PRODUCTS  ";2948;"MILK (excluding butter)";2848;"MILK & products (excl. butter)";910;"22270";"ice cream and other edible ice [only calories]"
2901;"TOTAL";2941;"ANIMAL PRODUCTS  ";2948;"MILK (excluding butter)";2848;"MILK & products (excl. butter)";917;"22260";"casein"
2901;"TOTAL";2941;"ANIMAL PRODUCTS  ";2948;"MILK (excluding butter)";2848;"MILK & products (excl. butter)";951;"02212";"raw milk of buffalo"
2901;"TOTAL";2941;"ANIMAL PRODUCTS  ";2948;"MILK (excluding butter)";2848;"MILK & products (excl. butter)";954;"22110.04";"skim milk of buffalo"
2901;"TOTAL";2941;"ANIMAL PRODUCTS  ";2948;"MILK (excluding butter)";2848;"MILK & products (excl. butter)";955;"22252";"cheese from milk of buffalo, fresh or processed"
2901;"TOTAL";2941;"ANIMAL PRODUCTS  ";2948;"MILK (excluding butter)";2848;"MILK & products (excl. butter)";982;"02291";"raw milk of sheep"
2901;"TOTAL";2941;"ANIMAL PRODUCTS  ";2948;"MILK (excluding butter)";2848;"MILK & products (excl. butter)";984;"22253";"cheese from milk of sheep, fresh or processed"
2901;"TOTAL";2941;"ANIMAL PRODUCTS  ";2948;"MILK (excluding butter)";2848;"MILK & products (excl. butter)";985;"22110.05";"skim sheep milk"
2901;"TOTAL";2941;"ANIMAL PRODUCTS  ";2948;"MILK (excluding butter)";2848;"MILK & products (excl. butter)";1020;"02292";"raw milk of goats"
2901;"TOTAL";2941;"ANIMAL PRODUCTS  ";2948;"MILK (excluding butter)";2848;"MILK & products (excl. butter)";1021;"22254";"cheese from milk of goats, fresh or processed"
2901;"TOTAL";2941;"ANIMAL PRODUCTS  ";2948;"MILK (excluding butter)";2848;"MILK & products (excl. butter)";1023;"22110.06";"skim milk of goat"
2901;"TOTAL";2941;"ANIMAL PRODUCTS  ";2948;"MILK (excluding butter)";2848;"MILK & products (excl. butter)";1130;"02293";"raw milk of camel"
2901;"TOTAL";2941;"ANIMAL PRODUCTS  ";2948;"MILK (excluding butter)";2848;"MILK & products (excl. butter)";;22110,01;"standardized milk"
2901;"TOTAL";2941;"ANIMAL PRODUCTS  ";2949;"EGGS";2744;"EGGS & products";916;"23993.01";"egg albumin (calories only)"
2901;"TOTAL";2941;"ANIMAL PRODUCTS  ";2949;"EGGS";2744;"EGGS & products";1062;"0231";"hen eggs in shell, fresh"
2901;"TOTAL";2941;"ANIMAL PRODUCTS  ";2949;"EGGS";2744;"EGGS & products";1063;"23993.02";"eggs, liquid"
2901;"TOTAL";2941;"ANIMAL PRODUCTS  ";2949;"EGGS";2744;"EGGS & products";1064;"23993.03";"eggs, dried"
2901;"TOTAL";2941;"ANIMAL PRODUCTS  ";2949;"EGGS";2744;"EGGS & products";1091;"0232";"eggs from other birds in shell, fresh, n.e.c."
